0,1
presentation ensah,est un établissement public d'enseignement supérieur relevant de l'université Abdelmalek Essaadi. Sa création s'inscrit dans l'optique de favoriser la formation des ingénieurs d'Etat hautement qualifiés dans les spécialités les plus ouvertes et susceptibles de connaître d'importants développements au sein du tissu socio-économique régional et national. Le positionnement de l'Ecole contribuera à lui conférer une dimension euro-méditerranéenne et à répondre aux besoins régionaux et nationaux en matière de formation en ingénierie.
ENSAH = Ecole Nationale des Sciences Appliquées d'Al Hoceima = ENSA  Al Hoceima  ,ENSAH signifier Ecole Nationale des Sciences Appliquées d'Al Hoceima ou bien ENSA  Al Hoceima    
information general sur Ecole Nationale des Sciences Appliquées d'Al Hoceima,"tele : +212(0) 539 80 57 12 , fix : +212(0) 539 80 57 13 , date  de creation : 2008  , localisation : BP 03, Ajdir Al-Hoceima , Maroc , site web de ensah: https://ensah.ma  , localisation sur google maps de l'ensah:  https://maps.app.goo.gl/3pvJhZ93FhDADzhe7"
formation dans  ensah,Ecole Nationale des Sciences Appliquées Al-Hoceima dispense des formations de deux années préparatoires et trois années de spécialités dans les domaines suivants : Génie Informatique ; Génie Civil ; Génie de l'eau et de l'Environnement ; Génie énergétique et énergies renouvelables ; Génie Mécanique ; Ingénierie des données ; Transformation Digitale et Intelligence Artificielle 
filieres  ENSA  Al Hoceima  ,Génie Informatique ; Génie Civil ; Génie de l'eau et de l'Environnement ; Génie énergétique et énergies renouvelables ; Génie Mécanique ; Ingénierie des données ; Transformation Digitale et Intelligence Artificielle 
presentations detaillee sur  ensah ," Etalée sur une superficie de 5.700 m2, l'ENSA d'Al Hoceima est de nature à doter cette zone géographique d'un pôle scientifique à travers la création d'un noyau universitaire, appuyer le secteur de l'enseignement supérieur technique et promouvoir la formation professionnelle. D'une capacité d'accueil de plus de 500 étudiants"
structures generale de ensah,ENSA comprend : Deux amphithéâtres ; des salles de cours et des travaux pratiques ; des laboratoires ; une bibliothèque ; des terrains de sports et des vestiaires ; une cafétéria ; une résidence universitaire L'Ecole Nationale des Sciences Appliquées d'Al Hoceima comprend une résidence universitaire d'une capacité d'accueil de 500 lits pour le logement des étudiants et étudiantes.
nombre des chercheurs dans ensah ,55 Enseignants Chercheurs dans ensah
nombre des etudiants dans d'ENSA  Al Hoceima  ,1.290 Étudiants dans ensah
nombre des centres de recherche,11 Centres De Recherche
Bibliothèque de l'ENSAH,La bibliothèque de l’ENSA d’Al-Hoceima dispose d’un nombre important de livres et a pour mission d'offrir aux étudiants et enseignants chercheurs de l’établissement le support d’information nécessaire à la formation.
page pour  acceder au Bibliothèque ensah,le lien pour  reserver un ouvrage  de la Bibliothèque  en ligne : https://ensah.ma/public/biblio.php
Fichiers et formulaires de ensah,"Le dossier de vacation est géré par le Service Économique. De même, la fiche de demande de fourniture est également sous la responsabilité du Service Économique. Pour les questions liées au retrait temporaire ou définitif du dossier, celles-ci relèvent du Service Scolarité. Enfin, la convention et la demande de stage concernent les étudiants souhaitant obtenir une convention ou effectuer une demande de stage."
site web Fichiers et formulaires de ensah,site web pour  avoir  plus  d'information sur les formulaire et les telecharger : https://ensah.ma/public/fichiers.php
Récupération de votre adresse institutionnelle pour  ensah,Pour récupérer votre adresse email ainsi que le mot de passe veuillez accéder sur le lien suivant et remplir le formulaire avec vos données : https://recupmail.uae.ac.ma/
problèmes d'accès à votre adresse institutionnelle,"En cas de problèmes, liés; à la messagerie institutionnelle, il faut enregistrer une demande de résolution de problème de messagerie à travers l'adresse e-mail suivante : support.ensah@uae.ac.ma"
Plus d'informations sur  adresse institutionnelle ,L’université a mis en place un site que vous pouvez consulter pour plus d’informations : https://gsuite.uae.ac.ma/ .
adresse institutionnelle ,"L'adresse @uae.ac.ma devient désormais le canal de communication officiel pour toute information à caractère académique, y compris les interactions entre enseignants et étudiants, le partage de support de cours, les visioconférences…"
laboratoires de recherche dans ENSA  Al Hoceima  ,"Laboratoire des Sciences de l’Ingénieur et Applications (LSIA): Le laboratoire est dirigé par Pr. Issam HANAFI. Il se concentre sur les applications pratiques des sciences de l’ingénieur, offrant un cadre propice à la recherche appliquée dans des domaines variés. Vous pouvez contacter le directeur par email à hanafi@uae.ac.ma pour plus de détails.
Laboratoire des Sciences Appliquées (LSA): Ce laboratoire est dirigé par Pr. Hossain EL OUARGHI et se spécialise dans la recherche appliquée dans diverses disciplines scientifiques. Pour plus d'informations ou pour toute collaboration, contactez-le à helouarghi@uae.ac.ma.
"
Les études à l'ENSAH,"Les études à l'ENSA d'Al-Hoceima se déroulent sur cinq ans, divisées en un cycle préparatoire de deux ans et un cycle ingénieur d'État de trois ans. La formation est dispensée sous forme d'enseignements théoriques et d'activités pratiques organisées en modules et en semestres. Un module d'enseignement peut comprendre des matières théoriques et/ou pratiques, ayant des objectifs, des contenus et une méthodologie qui leur sont propres."
Contrôle des connaissances et évaluation A Ecole Nationale des Sciences Appliquées d'Al Hoceima,"Le contrôle des connaissances à l'ENSAH est de type continu. Il se compose de tests, travaux pratiques, devoirs, stages et d'examens. Ce système permet de suivre de manière régulière l'avancement des étudiants et leur maîtrise des compétences enseignées."
Règles de redoublement a ensah,"Le redoublement est autorisé une seule fois par cycle. Cela permet aux étudiants de rattraper et maîtriser les compétences nécessaires, mais il reste limité à une seule occurrence dans chaque cycle d'étude."
Objectifs de la formation dans ensah,"L'élève-ingénieur à l'ENSAH est formé pour acquérir des compétences scientifiques, techniques et professionnelles. Il est préparé à s'adapter aux exigences du développement socio-économique, à renforcer ses compétences méthodologiques, et à assumer des responsabilités dans son domaine. La formation met également l'accent sur la créativité, l'innovation, le travail en groupe et la communication."
Départements dans ensah ,"L'enseignement et la recherche à l'École Nationale des Sciences Appliquées d'Al-Hoceima (ENSAH) sont organisés en départements correspondant à des disciplines et des domaines de recherche variés. Chaque département regroupe des enseignants-chercheurs et des entités administratives. Le Département Mathématiques et Informatique est dirigé par El Wardani DADI, joignable à l'email w.dadi@uae.ac.ma. Le Département Génie Civil, Energétique et Environnement (GCEE) est dirigé par Ismael DRIOUCH, et peut être contacté à l'email i.driouch@uae.ac.ma."
plus  de details sur departements ,plus  de detaills  sur  les chercheurs et  les enseignants voir : https://ensah.ma/public/departements.php
nombre des profs  dans ensah ,le  nombre c'est 70 professeurs